Workbook
Name Slicer_Category: #N/A
Name Slicer_Category1: #N/A
Name Slicer_Category2: #N/A
Name Slicer_Region: #N/A

Sheet Sheet1
A1: Order_ID | B1: Order_Date | C1: Region | D1: Product | E1: Category | F1: Sales | G1: Quantity | H1: Sales_Level | L1: Sales Total | M1: =SUM(F2:F9) -> 15300
A2: 1001 | B2: 45292 | C2: Dubai | D2: LAPTOP | E2: Electronics | F2: 3500 | G2: 1 | H2: =IF(F2 > 2000,"High","Low") -> High | L2: Sales Average | M2: =AVERAGE(F2:F9) -> 1912.5
A3: 1002 | B3: 45293 | C3: Abu Dhabi | D3: Mobile | E3: Electronics | F3: 2500 | G3: 2 | H3: =IF(F3 > 2000,"High","Low") -> High | L3: Total order_ID | M3: =COUNT(A2:A9) -> 8
A4: 1003 | B4: 45294 | C4: Dubai | D4: Chair | E4: Furniture | F4: 800 | G4: 4 | H4: =IF(F4 > 2000,"High","Low") -> Low | L4: Total Sales for Dubai = | M4: =SUMIF(C:C,"Dubai",F:F) -> 7100
A5: 1004 | B5: 45295 | C5: Sharjah | D5: Table | E5: Furniture | F5: 1200 | G5: 1 | H5: =IF(F5 > 2000,"High","Low") -> Low | L5: Count Electronics orders = | M5: =COUNTIF(E:E,"Electronics") -> 4
A6: 1005 | B6: 45296 | C6: Dubai | D6: Mobile | E6: Electronics | F6: 1300 | G6: 1 | H6: =IF(F6 > 2000,"High","Low") -> Low | L6: Total Sales of Electronics in Dubai = | M6: =SUMIFS(F:F,E:E,"Electronics",C:C,"Dubai") -> 4800
A7: 1006 | B7: 45297 | C7: Abu Dhabi | D7: Laptop | E7: Electronics | F7: 3600 | G7: 1 | H7: =IF(F7 > 2000,"High","Low") -> High
A8: 1007 | B8: 45298 | C8: Sharjah | D8: Chair | E8: Furniture | F8: 900 | G8: 3 | H8: =IF(F8 > 2000,"High","Low") -> Low
A9: 1008 | B9: 45299 | C9: Dubai | D9: Table | E9: Furniture | F9: 1500 | G9: 2 | H9: =IF(F9 > 2000,"High","Low") -> Low

Sheet Sales by Region
A3: Row Labels | B3: Sum of Sales
A4: Dubai | B4: 7100
A5: Abu Dhabi | B5: 6100
A6: Sharjah | B6: 2100
A7: Grand Total | B7: 15300

Sheet Sales by Category
A3: Row Labels | B3: Sum of Sales
A4: Electronics | B4: 10900
A5: Furniture | B5: 4400
A6: Grand Total | B6: 15300

Sheet Sales_Data
A1: Order_ID | B1: Product_ID | C1: Region | D1: Sales | E1: Product_Name | F1: Category | G1: Cost | H1: Profit
A2: 1001 | B2: P101 | C2: Dubai | D2: 3500 | E2: =VLOOKUP(B2,Product_Master!A:D,2,FALSE) -> Laptop | F2: =_xlfn.XLOOKUP(B2,Product_Master!A:A,Product_Master!C:C) -> Electronics | G2: =_xlfn.XLOOKUP(B2,Product_Master!A:A,Product_Master!D:D) -> 2800 | H2: =D2-G2 -> 700
A3: 1002 | B3: P102 | C3: Abu Dhabi | D3: 2500 | E3: =VLOOKUP(B3,Product_Master!A:D,2,FALSE) -> Mobile | F3: =_xlfn.XLOOKUP(B3,Product_Master!A:A,Product_Master!C:C) -> Electronics | G3: =_xlfn.XLOOKUP(B3,Product_Master!A:A,Product_Master!D:D) -> 1800 | H3: =D3-G3 -> 700
A4: 1003 | B4: P103 | C4: Dubai | D4: 800 | E4: =VLOOKUP(B4,Product_Master!A:D,2,FALSE) -> Chair | F4: =_xlfn.XLOOKUP(B4,Product_Master!A:A,Product_Master!C:C) -> Furniture | G4: =_xlfn.XLOOKUP(B4,Product_Master!A:A,Product_Master!D:D) -> 500 | H4: =D4-G4 -> 300
A5: 1004 | B5: P104 | C5: Sharjah | D5: 1200 | E5: =VLOOKUP(B5,Product_Master!A:D,2,FALSE) -> Table | F5: =_xlfn.XLOOKUP(B5,Product_Master!A:A,Product_Master!C:C) -> Furniture | G5: =_xlfn.XLOOKUP(B5,Product_Master!A:A,Product_Master!D:D) -> 900 | H5: =D5-G5 -> 300
A6: 1005 | B6: P102 | C6: Dubai | D6: 1300 | E6: =VLOOKUP(B6,Product_Master!A:D,2,FALSE) -> Mobile | F6: =_xlfn.XLOOKUP(B6,Product_Master!A:A,Product_Master!C:C) -> Electronics | G6: =_xlfn.XLOOKUP(B6,Product_Master!A:A,Product_Master!D:D) -> 1800 | H6: =D6-G6 -> -500

Sheet Product_Master
A1: Product_ID | B1: Product_Name | C1: Category | D1: Cost
A2: P101 | B2: Laptop | C2: Electronics | D2: 2800
A3: P102 | B3: Mobile | C3: Electronics | D3: 1800
A4: P103 | B4: Chair | C4: Furniture | D4: 500
A5: P104 | B5: Table | C5: Furniture | D5: 900
