Workbook
Name Slicer_Category: #N/A
Name Slicer_Region: #N/A

Sheet Sales_Data
A1: Order_ID | B1: Date | C1: Region | D1: Sales_Rep | E1: Product | F1: Category | G1: Units_Sold | H1: Unit_Price | I1: Total_sales | J1: Sales_Status | K1: Discount | L1: Warranty_Years
A2: 1 | B2: 45292 | C2: Dubai | D2: Ahmed | E2: Laptop | F2: Electronics | G2: 2 | H2: 3200 | I2: =G2*H2 -> 6400 | J2: =IF(I2>=5000,"High","Low") -> High | K2: =IF(AND(F2="Electronics", I2 >6000),"Yes","No") -> Yes | L2: =_xlfn.XLOOKUP(E2, Product_Info!A:A, Product_Info!B:B) -> 2
A3: 2 | B3: 45292 | C3: Abu Dhabi | D3: Sara | E3: Mouse | F3: Accessories | G3: 10 | H3: 80 | I3: =G3*H3 -> 800 | J3: =IF(I3>=5000,"High","Low") -> Low | K3: =IF(AND(F3="Electronics", I3 >6000),"Yes","No") -> No | L3: =_xlfn.XLOOKUP(E3, Product_Info!A:A, Product_Info!B:B) -> 1
A4: 3 | B4: 45293 | C4: Sharjah | D4: Ali | E4: Keyboard | F4: Accessories | G4: 5 | H4: 120 | I4: =G4*H4 -> 600 | J4: =IF(I4>=5000,"High","Low") -> Low | K4: =IF(AND(F4="Electronics", I4 >6000),"Yes","No") -> No | L4: =_xlfn.XLOOKUP(E4, Product_Info!A:A, Product_Info!B:B) -> 1
A5: 4 | B5: 45293 | C5: Dubai | D5: Ahmed | E5: Monitor | F5: Electronics | G5: 3 | H5: 900 | I5: =G5*H5 -> 2700 | J5: =IF(I5>=5000,"High","Low") -> Low | K5: =IF(AND(F5="Electronics", I5 >6000),"Yes","No") -> No | L5: =_xlfn.XLOOKUP(E5, Product_Info!A:A, Product_Info!B:B) -> 2
A6: 5 | B6: 45294 | C6: Ajman | D6: Sara | E6: Headset | F6: Accessories | G6: 6 | H6: 150 | I6: =G6*H6 -> 900 | J6: =IF(I6>=5000,"High","Low") -> Low | K6: =IF(AND(F6="Electronics", I6 >6000),"Yes","No") -> No | L6: =_xlfn.XLOOKUP(E6, Product_Info!A:A, Product_Info!B:B) -> #N/A
A7: 6 | B7: 45294 | C7: Abu Dhabi | D7: Ali | E7: Laptop | F7: Electronics | G7: 1 | H7: 3200 | I7: =G7*H7 -> 3200 | J7: =IF(I7>=5000,"High","Low") -> Low | K7: =IF(AND(F7="Electronics", I7 >6000),"Yes","No") -> No | L7: =_xlfn.XLOOKUP(E7, Product_Info!A:A, Product_Info!B:B) -> 2
A8: 7 | B8: 45295 | C8: Dubai | D8: Fatima | E8: Tablet | F8: Electronics | G8: 4 | H8: 1200 | I8: =G8*H8 -> 4800 | J8: =IF(I8>=5000,"High","Low") -> Low | K8: =IF(AND(F8="Electronics", I8 >6000),"Yes","No") -> No | L8: =_xlfn.XLOOKUP(E8, Product_Info!A:A, Product_Info!B:B) -> #N/A
A9: 8 | B9: 45295 | C9: Sharjah | D9: Ahmed | E9: Mouse | F9: Accessories | G9: 20 | H9: 80 | I9: =G9*H9 -> 1600 | J9: =IF(I9>=5000,"High","Low") -> Low | K9: =IF(AND(F9="Electronics", I9 >6000),"Yes","No") -> No | L9: =_xlfn.XLOOKUP(E9, Product_Info!A:A, Product_Info!B:B) -> 1
A10: 9 | B10: 45296 | C10: Dubai | D10: Sara | E10: Keyboard | F10: Accessories | G10: 7 | H10: 120 | I10: =G10*H10 -> 840 | J10: =IF(I10>=5000,"High","Low") -> Low | K10: =IF(AND(F10="Electronics", I10 >6000),"Yes","No") -> No | L10: =_xlfn.XLOOKUP(E10, Product_Info!A:A, Product_Info!B:B) -> 1
A11: 10 | B11: 45296 | C11: Ajman | D11: Ali | E11: Monitor | F11: Electronics | G11: 2 | H11: 900 | I11: =G11*H11 -> 1800 | J11: =IF(I11>=5000,"High","Low") -> Low | K11: =IF(AND(F11="Electronics", I11 >6000),"Yes","No") -> No | L11: =_xlfn.XLOOKUP(E11, Product_Info!A:A, Product_Info!B:B) -> 2
A12: 11 | B12: 45297 | C12: Abu Dhabi | D12: Fatima | E12: Laptop | F12: Electronics | G12: 3 | H12: 3200 | I12: =G12*H12 -> 9600 | J12: =IF(I12>=5000,"High","Low") -> High | K12: =IF(AND(F12="Electronics", I12 >6000),"Yes","No") -> Yes | L12: =_xlfn.XLOOKUP(E12, Product_Info!A:A, Product_Info!B:B) -> 2
A13: 12 | B13: 45297 | C13: Dubai | D13: Ahmed | E13: Headset | F13: Accessories | G13: 5 | H13: 150 | I13: =G13*H13 -> 750 | J13: =IF(I13>=5000,"High","Low") -> Low | K13: =IF(AND(F13="Electronics", I13 >6000),"Yes","No") -> No | L13: =_xlfn.XLOOKUP(E13, Product_Info!A:A, Product_Info!B:B) -> #N/A
... A51: 50 | B51: 45316 | C51: Ajman | D51: Sara | E51: Mouse | F51: Accessories | G51: 16 | H51: 80 | I51: =G51*H51 -> 1280 | J51: =IF(I51>=5000,"High","Low") -> Low | K51: =IF(AND(F51="Electronics", I51 >6000),"Yes","No") -> No | L51: =_xlfn.XLOOKUP(E51, Product_Info!A:A, Product_Info!B:B) -> 1

Sheet Product_Info
A1: A (Product) | B1: B (Warranty_Years)
A2: Laptop | B2: 2
A3: Monitor | B3: 2
A4: Keyboard | B4: 1
A5: Mouse | B5: 1

Sheet Sheet1
A3: Row Labels | B3: Sum of Total_sales
A4: Abu Dhabi | B4: 27410
A5: Ajman | B5: 15680
A6: Dubai | B6: 52570
A7: Sharjah | B7: 31640
A8: Grand Total | B8: 127300

Sheet Sheet2
A1: Region | B1: (All)
A3: Row Labels | B3: Sum of Total_sales
A4: Ahmed | B4: 38300
A5: Ali | B5: 29330
A6: Fatima | B6: 38440
A7: Sara | B7: 21230
A8: Grand Total | B8: 127300

Sheet Sheet3
A3: Row Labels | B3: Sum of Units_Sold | C3: Sum of Total_sales
A4: Accessories | B4: 102 | C4: 9210
A5: Grand Total | B5: 102 | C5: 9210
